-- MySQL Script generated by MySQL Workbench
-- lun 01 nov 2021 14:23:04 CET
-- Model: New Model    Version: 1.0
-- MySQL Workbench Forward Engineering


-- -----------------------------------------------------
-- Schema viverosdb
-- -----------------------------------------------------

-- -----------------------------------------------------
-- Schema viverosdb
-- -----------------------------------------------------
DROP DATABASE IF EXISTS viverosdb;
CREATE DATABASE viverosdb;


-- -----------------------------------------------------
-- Table viverosdb.VIVERO
-- -----------------------------------------------------
DROP TABLE IF EXISTS viverosdb.VIVERO ;

CREATE TABLE IF NOT EXISTS viverosdb.VIVERO (
  Coordenadas VARCHAR(100) NOT NULL,
  Localidad VARCHAR(45) NULL,
  PRIMARY KEY (Coordenadas));


-- -----------------------------------------------------
-- Table viverosdb.CLIENTE
-- -----------------------------------------------------
DROP TABLE IF EXISTS viverosdb.CLIENTE ;

CREATE TABLE IF NOT EXISTS viverosdb.CLIENTE (
  DNI VARCHAR(9) NOT NULL,
  Bonificación DECIMAL(3,2) NULL,
  Total_mensual INT NULL,
  Fecha_ingreso DATE NULL,
  PRIMARY KEY (DNI));


-- -----------------------------------------------------
-- Table viverosdb.ZONA
-- -----------------------------------------------------
DROP TABLE IF EXISTS viverosdb.ZONA ;

CREATE TABLE IF NOT EXISTS viverosdb.ZONA (
  Nombre VARCHAR(45) NOT NULL,
  VIVERO_Coordenadas VARCHAR(100) NOT NULL,
  PRIMARY KEY (Nombre, VIVERO_Coordenadas),
  CONSTRAINT fk_ZONA_VIVERO
    FOREIGN KEY (VIVERO_Coordenadas)
    REFERENCES viverosdb.VIVERO (Coordenadas)
    ON DELETE CASCADE
    ON UPDATE CASCADE);


-- -----------------------------------------------------
-- Table viverosdb.EMPLEADO
-- -----------------------------------------------------
DROP TABLE IF EXISTS viverosdb.EMPLEADO ;

CREATE TABLE IF NOT EXISTS viverosdb.EMPLEADO (
  DNI VARCHAR(9) NOT NULL,
  ZONA_Nombre VARCHAR(45) NOT NULL,
  ZONA_VIVERO_Coordenadas VARCHAR(100) NOT NULL,
  Antigüedad VARCHAR(45) NULL,
  Sueldo DECIMAL(6,2) NULL,
  CSS VARCHAR(45) NULL,
  Fecha_ini DATE NULL,
  Fecha_fin DATE NULL,
  Ventas INT NULL,
  PRIMARY KEY (DNI),
  CONSTRAINT fk_EMPLEADO_ZONA1
    FOREIGN KEY (ZONA_Nombre , ZONA_VIVERO_Coordenadas)
    REFERENCES viverosdb.ZONA (Nombre , VIVERO_Coordenadas)
    ON DELETE CASCADE
    ON UPDATE CASCADE);


-- -----------------------------------------------------
-- Table viverosdb.PRODUCTO
-- -----------------------------------------------------
DROP TABLE IF EXISTS viverosdb.PRODUCTO ;

CREATE TABLE IF NOT EXISTS viverosdb.PRODUCTO (
  Código_producto INT NOT NULL,
  Precio DECIMAL(4,2) NULL,
  Stock INT NULL,
  PRIMARY KEY (Código_producto));


-- -----------------------------------------------------
-- Table viverosdb.COMPRA
-- -----------------------------------------------------
DROP TABLE IF EXISTS viverosdb.COMPRA ;

CREATE TABLE IF NOT EXISTS viverosdb.COMPRA (
  Fecha DATE NOT NULL,
  CLIENTE_DNI VARCHAR(9) NOT NULL,
  PRODUCTO_Código_producto INT NOT NULL,
  EMPLEADO_DNI VARCHAR(9) NOT NULL,
  Cantidad INT NULL,
  PRIMARY KEY (Fecha),
  CONSTRAINT fk_COMPRA_CLIENTE1
    FOREIGN KEY (CLIENTE_DNI)
    REFERENCES viverosdb.CLIENTE (DNI)
    ON DELETE CASCADE
    ON UPDATE CASCADE,
  CONSTRAINT fk_COMPRA_PRODUCTO1
    FOREIGN KEY (PRODUCTO_Código_producto)
    REFERENCES viverosdb.PRODUCTO (Código_producto)
    ON DELETE CASCADE
    ON UPDATE CASCADE,
  CONSTRAINT fk_COMPRA_EMPLEADO1
    FOREIGN KEY (EMPLEADO_DNI)
    REFERENCES viverosdb.EMPLEADO (DNI)
    ON DELETE CASCADE
    ON UPDATE CASCADE);


-- -----------------------------------------------------
-- Table viverosdb.UBICA
-- -----------------------------------------------------
DROP TABLE IF EXISTS viverosdb.UBICA ;

CREATE TABLE IF NOT EXISTS viverosdb.UBICA (
  ZONA_Nombre VARCHAR(45) NULL,
  ZONA_VIVERO_Coordenadas VARCHAR(100) NULL,
  PRODUCTO_Código_producto INT NULL,
  CONSTRAINT fk_UBICA_ZONA1
    FOREIGN KEY (ZONA_Nombre , ZONA_VIVERO_Coordenadas)
    REFERENCES viverosdb.ZONA (Nombre , VIVERO_Coordenadas)
    ON DELETE CASCADE
    ON UPDATE CASCADE,
  CONSTRAINT fk_UBICA_PRODUCTO1
    FOREIGN KEY (PRODUCTO_Código_producto)
    REFERENCES viverosdb.PRODUCTO (Código_producto)
    ON DELETE CASCADE
    ON UPDATE CASCADE);


INSERT INTO viverosdb.VIVERO (Coordenadas, Localidad) VALUES ('28,27,46,N 16,18,22,W', 'La Laguna');
INSERT INTO viverosdb.VIVERO (Coordenadas, Localidad) VALUES ('28,23,43,N 16,32,50,W', 'La Orotava');

COMMIT;


-- -----------------------------------------------------
-- Data for table `viverosdb`.`CLIENTE`
-- -----------------------------------------------------

INSERT INTO viverosdb.CLIENTE (DNI, Bonificación, Total_mensual, Fecha_ingreso) VALUES ('33333333C', NULL, NULL, NULL);
INSERT INTO viverosdb.CLIENTE (DNI, Bonificación, Total_mensual, Fecha_ingreso) VALUES ('44444444D', NULL, NULL, NULL);

COMMIT;


-- -----------------------------------------------------
-- Data for table `viverosdb`.`ZONA`
-- -----------------------------------------------------

INSERT INTO viverosdb.ZONA (Nombre, VIVERO_Coordenadas) VALUES ('Caja', '28,27,46,N 16,18,22,W');
INSERT INTO viverosdb.ZONA (Nombre, VIVERO_Coordenadas) VALUES ('Caja', '28,23,43,N 16,32,50,W');
INSERT INTO viverosdb.ZONA (Nombre, VIVERO_Coordenadas) VALUES ('Almacén', '28,27,46,N 16,18,22,W');
INSERT INTO viverosdb.ZONA (Nombre, VIVERO_Coordenadas) VALUES ('Almacén', '28,23,43,N 16,32,50,W');

COMMIT;


-- -----------------------------------------------------
-- Data for table `viverosdb`.`EMPLEADO`
-- -----------------------------------------------------
INSERT INTO viverosdb.EMPLEADO (DNI, ZONA_Nombre, ZONA_VIVERO_Coordenadas, Antigüedad, Sueldo, CSS, Fecha_ini, Fecha_fin, Ventas) VALUES ('11111111A', 'Caja', '28,27,46,N 16,18,22,W', NULL, NULL, NULL, NULL, NULL, NULL);
INSERT INTO viverosdb.EMPLEADO (DNI, ZONA_Nombre, ZONA_VIVERO_Coordenadas, Antigüedad, Sueldo, CSS, Fecha_ini, Fecha_fin, Ventas) VALUES ('22222222B', 'Almacén', '28,23,43,N 16,32,50,W', NULL, NULL, NULL, NULL, NULL, NULL);

COMMIT;


-- -----------------------------------------------------
-- Data for table `viverosdb`.`PRODUCTO`
-- -----------------------------------------------------
INSERT INTO viverosdb.PRODUCTO (Código_producto, Precio, Stock) VALUES (001, 10.00, 3);
INSERT INTO viverosdb.PRODUCTO (Código_producto, Precio, Stock) VALUES (002, 7.25, 5);

COMMIT;


-- -----------------------------------------------------
-- Data for table `viverosdb`.`COMPRA`
-- -----------------------------------------------------
INSERT INTO viverosdb.COMPRA (Fecha, CLIENTE_DNI, PRODUCTO_Código_producto, EMPLEADO_DNI, Cantidad) VALUES ('2021-12-01', '33333333C', 001, '11111111A', NULL);
INSERT INTO viverosdb.COMPRA (Fecha, CLIENTE_DNI, PRODUCTO_Código_producto, EMPLEADO_DNI, Cantidad) VALUES ('2021-11-24', '44444444D', 002, '22222222B', NULL);

COMMIT;


-- -----------------------------------------------------
-- Data for table `viverosdb`.`UBICA`
-- -----------------------------------------------------
INSERT INTO viverosdb.UBICA (ZONA_Nombre, ZONA_VIVERO_Coordenadas, PRODUCTO_Código_producto) VALUES ('Almacén', '28,27,46,N 16,18,22,W', 001);
INSERT INTO viverosdb.UBICA (ZONA_Nombre, ZONA_VIVERO_Coordenadas, PRODUCTO_Código_producto) VALUES ('Almacén', '28,23,43,N 16,32,50,W', 001);
INSERT INTO viverosdb.UBICA (ZONA_Nombre, ZONA_VIVERO_Coordenadas, PRODUCTO_Código_producto) VALUES ('Caja', '28,27,46,N 16,18,22,W', 002);
INSERT INTO viverosdb.UBICA (ZONA_Nombre, ZONA_VIVERO_Coordenadas, PRODUCTO_Código_producto) VALUES ('Caja', '28,23,43,N 16,32,50,W', 002);

COMMIT;

